Runs,GA,DBSCAN1,DBSCAN2,KMEANS1,KMEANS2,AP1,AP2,FCA1,FCA2,MS1,MS2
run_1,0.013663530349731445,0.5927906036376953,0.7018890380859375,0.4996674060821533,0.41097497940063477,0.021680116653442383,0.019202470779418945,0.0313260555267334,0.015254974365234375,0.1819930076599121,0.3381509780883789
run_2,0.013402700424194336,0.5843997001647949,0.6502244472503662,0.2165088653564453,0.3040764331817627,0.02243804931640625,0.021397113800048828,0.03220725059509277,0.02019476890563965,0.38489246368408203,0.9455461502075195
run_3,0.013869047164916992,0.583723783493042,0.6555893421173096,0.11106109619140625,0.689643144607544,0.027482032775878906,0.020426511764526367,0.03444719314575195,0.03900408744812012,0.5396525859832764,0.3447122573852539
run_4,0.01337885856628418,0.593411922454834,0.6511392593383789,0.3321371078491211,0.20975613594055176,0.026801109313964844,0.021663427352905273,0.031266212463378906,0.01766228675842285,0.7094817161560059,1.0499873161315918
run_5,0.013409137725830078,0.613654375076294,0.651817798614502,0.14658737182617188,0.20727944374084473,0.026820898056030273,0.02193450927734375,0.03359198570251465,0.02470088005065918,0.7044954299926758,0.5398960113525391
